,workidmain,actualtimemain,warehouse,targetlicenseplateid,multiplesku,createddateandtimemain,closedworkmain,workinprocessmain,workstatusmain,companymain,workordertypemain,useridmain,actualtime,containerid,dimensionnumber,inventoryquantityremaining,inventoryworkquantity,lotid,itemnumber,configid,linenumber,loadid,locatedlicenseplateid,ordernumber,remainingquantity,workquantity,shipmentid,skipped,sortcode,unit,userid,location,workclassid,workid,createddateandtime,closedwork,workinprocess,workstatus,stoptransaction,worktype,zoneid,extrainventoryquantity,weightcaptured,company,modified,modifiedon,worktemplate,workordertype,dateadded,total_cases,CLOSEDWORK_seconds,WORKINPROCESS_seconds,increase_percentage_quantity
200,WOR2153684,2317,RETAIL,6316561019454410,0,2022-05-04 19:00:53,2022-05-05 11:49:13,2022-05-05 11:06:37,4,301,2,D365.Batch,82,0.0,#0000000150A4CE9E,0,1,LO06654219,N000005126,Base,4,LD0128873,0.0,SON0133043,0,1,SID0130082,0,0,Each,Carolyn,F8401C4,SALES,WOR2153684,2022-05-04 19:00:53,2022-05-05 11:12:42,2022-05-05 11:11:20,4,0,1,RETAIL,0,0,301,warehouseapp.d365,2022-05-05 11:12:42,Retail Picking,2,2023-02-02 14:08:07.500,1.0,10506632.0,10506550.0,-404.4277096374774
306,WOR2350338,235,RETAIL,6316561020215530,0,2022-08-30 16:00:13,2022-08-31 11:04:26,2022-08-31 11:00:31,4,301,2,D365.Batch,52,0.0,#000000015139423E,0,1,LO08280708,N000005776,V1,1,LD0144673,0.0,SON0152970,0,1,SID0146470,0,0,Each,gregn,F8501B4,SALES,WOR2350338,2022-08-30 16:00:14,2022-08-31 11:01:23,2022-08-31 11:00:31,4,0,1,RETAIL,0,0,301,warehouseapp.d365,2022-08-31 11:01:23,Retail Picking,2,2023-02-02 14:08:07.500,1.0,20701153.0,20701101.0,-954.0306667015088
564,WOR2006739,779,RETAIL,6316561018906920,0,2022-02-17 17:00:47,2022-02-18 15:08:43,2022-02-18 14:00:41,4,301,2,D365.Batch,106,0.0,#0000000150A72CD4,0,75,LO05480648,N000008252,Base,7,LD0118646,0.0,SON0122121,0,75,SID0119523,0,0,Each,carolyn,F8001D4,SALES,WOR2006739,2022-02-17 17:00:47,2022-02-18 14:10:26,2022-02-18 14:08:40,4,0,1,RETAIL,0,0,301,warehouseapp.d365,2022-02-18 14:10:26,Retail Picking,2,2023-02-02 14:08:07.500,75.0,3950896.0,3950790.0,388.83850665616353
108,WOR2466301,82,RETAIL,6316561020642800,0,2022-11-07 18:00:38,2022-11-07 19:09:24,2022-11-07 19:08:02,4,301,2,D365.Batch,0,0.0,#000000015149070F,0,1,LO09163535,N000012990,Base,2,LD0152233,0.0,SON0162963,0,1,SID0154177,0,0,Each,Carolyn,0,SALES,WOR2466301,2022-11-07 18:00:38,2022-11-07 19:09:17,2022-11-07 19:09:17,4,0,8,0,0,0,301,warehouseapp.d365,2022-11-07 19:09:17,Retail Picking,2,2023-02-02 14:08:07.500,1.0,26605627.0,26605627.0,-2951.7993513942647
321,WOR2020629,1109,RETAIL,6316561018976580,0,2022-02-25 14:00:50,2022-02-25 21:18:50,2022-02-25 21:00:21,4,301,2,D365.Batch,49,0.0,#0000000150FD40BB,0,1,LO05601479,N000009676,Base,14,LD0119814,0.0,SON0123220,0,1,SID0120657,0,0,Each,meliha,F8301C3,SALES,WOR2020629,2022-02-25 14:00:51,2022-02-25 21:11:58,2022-02-25 21:11:09,4,0,1,RETAIL,0,0,301,warehouseapp.d365,2022-02-25 21:11:58,Retail Picking,2,2023-02-02 14:08:07.500,1.0,4580988.0,4580939.0,4528.281838369196
325,WOR2115123,868,RETAIL,WOR2115123,0,2022-04-14 15:00:44,2022-04-18 11:26:03,2022-04-18 11:08:03,4,301,2,D365.Batch,61,0.0,#0000000150FD40BB,0,1,LO06304454,N000009676,Base,13,LD0126332,0.0,SON0129915,0,1,SID0127467,0,0,Each,Carolyn,X4401C4,SALES,WOR2115123,2022-04-14 15:00:44,2022-04-18 11:17:07,2022-04-18 11:16:06,4,0,1,RETAIL,0,0,301,warehouseapp.d365,2022-04-18 11:17:07,Retail Picking,2,2023-02-02 14:08:07.500,1.0,9038097.0,9038036.0,217.01724769519987
574,WOR2444003,1463,RETAIL,6316561020562540,0,2022-10-25 14:30:40,2022-10-25 16:12:22,2022-10-25 15:47:58,4,301,2,D365.Batch,81,0.0,#00000001514FBDC6,0,1,LO08974521,N000005771,Base,2,LD0151300,0.0,SON0161315,0,1,SID0153236,0,0,Each,yahaira,X4401D8,SALES,WOR2444003,2022-10-25 14:30:40,2022-10-25 15:49:58,2022-10-25 15:48:37,4,0,1,RETAIL,0,0,301,warehouseapp.d365,2022-10-25 15:49:58,Retail Picking,2,2023-02-02 14:08:07.500,1.0,25470468.0,25470387.0,-108.10956390323467
104,WOR2407740,421,RETAIL,6316561020462120,0,2022-10-04 17:00:14,2022-10-05 12:21:11,2022-10-05 12:14:10,4,301,2,D365.Batch,129,0.0,#00000001514C1759,0,1,LO08754404,N000010695,V1,3,LD0149093,0.0,SON0158247,0,1,SID0150911,0,0,Each,yahaira,X4401A6,SALES,WOR2407740,2022-10-04 17:00:14,2022-10-05 12:19:04,2022-10-05 12:16:55,4,0,1,RETAIL,0,0,301,warehouseapp.d365,2022-10-05 12:19:04,Retail Picking,2,2023-02-02 14:08:07.500,1.0,23729814.0,23729685.0,752.0583201739947
28,WOR2407149,232,RETAIL,6316561020465310,0,2022-10-04 14:30:35,2022-10-05 15:14:53,2022-10-05 15:11:01,4,301,2,D365.Batch,40,0.0,#00000001514C1759,0,1,LO08752079,N000010695,V1,4,LD0149066,0.0,SON0158227,0,1,SID0150897,0,0,Each,yahaira,X4401A6,SALES,WOR2407149,2022-10-04 14:30:35,2022-10-05 15:14:27,2022-10-05 15:13:47,4,0,1,RETAIL,0,0,301,warehouseapp.d365,2022-10-05 15:14:27,Retail Picking,2,2023-02-02 14:08:07.500,1.0,23740337.0,23740297.0,-1429.8526959235342
486,WOR2413703,334,RETAIL,6316561020483750,0,2022-10-06 15:00:40,2022-10-07 19:41:39,2022-10-07 19:36:05,4,301,2,D365.Batch,111,0.0,#00000001514C1ABD,0,1,LO08782937,N000010989,V1,3,LD0149517,0.0,SON0158711,0,1,SID0151369,0,0,Each,rschwarz,X4401A6,SALES,WOR2413703,2022-10-06 15:00:40,2022-10-07 19:40:28,2022-10-07 19:38:37,4,0,1,RETAIL,0,0,301,warehouseapp.d365,2022-10-07 19:40:28,Retail Picking,2,2023-02-02 14:08:07.500,1.0,23929098.0,23928987.0,-35.08857891198123
4,WOR2215999,54,RETAIL,6316561019691740,0,2022-06-09 14:30:35,2022-06-09 20:19:23,2022-06-09 20:18:29,4,301,2,D365.Batch,19,0.0,#00000001512576C8,0,1,LO07197569,N000010692,Base,1,LD0133044,0.0,SON0137703,0,1,SID0134545,0,0,Each,meliha,X4401C8,SALES,WOR2215999,2022-06-09 14:30:35,2022-06-09 20:18:48,2022-06-09 20:18:29,4,0,1,RETAIL,0,0,301,warehouseapp.d365,2022-06-09 20:18:48,Retail Picking,2,2023-02-02 14:08:07.500,1.0,13563398.0,13563379.0,-443.65428612108957
209,WOR1990457,3556,RETAIL,6316561018833880,0,2022-02-09 17:31:07,2022-02-09 19:07:19,2022-02-09 18:02:24,4,301,2,D365.Batch,86,0.0,#0000000150FBFA17,0,1,LO05353646,N000005636,Base,1,LD0117303,0.0,SON0120794,0,1,SID0118097,0,0,Each,Carolyn,F8301D1,SALES,WOR1990457,2022-02-09 17:31:07,2022-02-09 18:06:25,2022-02-09 18:04:59,4,0,1,RETAIL,0,0,301,warehouseapp.d365,2022-02-09 18:06:25,Retail Picking,2,2023-02-02 14:08:07.500,1.0,3187455.0,3187369.0,-856.9652192286236
6,WOR2244325,361,RETAIL,6316561019789700,0,2022-06-24 16:00:48,2022-06-24 18:16:06,2022-06-24 18:09:58,4,301,2,D365.Batch,108,0.0,#00000001512576C8,0,1,LO07422084,N000010692,Base,2,LD0135003,0.0,SON0140353,0,1,SID0136559,0,0,Each,Carolyn,X4401B8,SALES,WOR2244325,2022-06-24 16:00:49,2022-06-24 18:12:51,2022-06-24 18:11:03,4,0,1,RETAIL,0,0,301,warehouseapp.d365,2022-06-24 18:12:51,Retail Picking,2,2023-02-02 14:08:07.500,1.0,14851841.0,14851733.0,-298.1048987437282
129,WOR2504359,148,RETAIL,6316561020776520,0,2022-12-01 18:30:23,2022-12-02 13:28:05,2022-12-02 13:25:17,4,301,2,D365.Batch,27,0.0,#000000015149070F,0,1,LO09467709,N000012990,Base,2,LD0153829,0.0,SON0165781,0,1,SID0156029,0,0,Each,Carolyn,X4401D6,SALES,WOR2504359,2022-12-01 18:30:23,2022-12-02 13:26:04,2022-12-02 13:25:37,4,0,1,RETAIL,0,0,301,warehouseapp.d365,2022-12-02 13:26:04,Retail Picking,2,2023-02-02 14:08:07.500,1.0,28745034.0,28745007.0,-2458.728975412965
346,WOR2162538,51,RETAIL,6316561019481510,0,2022-05-09 13:00:35,2022-05-10 12:00:47,2022-05-10 11:59:55,4,301,2,D365.Batch,0,0.0,#0000000151219A6A,0,1,LO06713728,N000004922,Base,2,LD0129198,0.0,SON0133510,0,1,SID0130509,0,0,Each,gregn,0,SALES,WOR2162538,2022-05-09 13:00:35,2022-05-10 12:00:36,2022-05-10 12:00:36,4,0,8,0,0,0,301,warehouseapp.d365,2022-05-10 12:00:36,Retail Picking,2,2023-02-02 14:08:07.500,1.0,10941506.0,10941506.0,-1858.6815432587127
490,WOR2413707,257,RETAIL,6316561020481680,0,2022-10-06 15:00:44,2022-10-07 16:52:33,2022-10-07 16:48:16,4,301,2,D365.Batch,59,0.0,#00000001514C1ABD,0,1,LO08783371,N000010989,V1,3,LD0149521,0.0,SON0158728,0,1,SID0151406,0,0,Each,rschwarz,X4401A6,SALES,WOR2413707,2022-10-06 15:00:44,2022-10-07 16:51:31,2022-10-07 16:50:32,4,0,1,RETAIL,0,0,301,warehouseapp.d365,2022-10-07 16:51:31,Retail Picking,2,2023-02-02 14:08:07.500,1.0,23918961.0,23918902.0,-4850.47361000455
436,WOR2406317,216,RETAIL,6316561020458000,0,2022-10-04 13:00:19,2022-10-04 16:11:38,2022-10-04 16:07:34,4,301,2,D365.Batch,103,0.0,#00000001514BDA6C,0,1,LO08750617,N000001144,V8,1,LD0149043,0.0,SON0158176,0,1,SID0150850,0,0,Each,yahaira,X4401A6,SALES,WOR2406317,2022-10-04 13:00:19,2022-10-04 16:09:17,2022-10-04 16:07:34,4,0,1,RETAIL,0,0,301,warehouseapp.d365,2022-10-04 16:09:17,Retail Picking,2,2023-02-02 14:08:07.500,1.0,23657227.0,23657124.0,1465.9504245168555
429,WOR2087376,62,RETAIL,6316561019240240,0,2022-03-31 15:00:15,2022-03-31 18:29:55,2022-03-31 18:28:53,4,301,2,D365.Batch,43,0.0,#0000000150DEB9D5,0,1,LO06162682,N000000157,V11,3,LD0124506,0.0,SON0128490,0,1,SID0125588,0,0,Each,meliha,PACK1,SALES,WOR2087376,2022-03-31 15:00:15,2022-03-31 18:29:55,2022-03-31 18:29:12,4,0,2,0,0,0,301,warehouseapp.d365,2022-03-31 18:29:55,Retail Picking,2,2023-02-02 14:08:07.500,1.0,7508865.0,7508822.0,-284.6693749363108
187,WOR2185981,311,RETAIL,6316561019556590,0,2022-05-18 20:30:29,2022-05-19 13:32:44,2022-05-19 13:26:15,4,301,2,D365.Batch,110,0.0,#00000001512576E2,0,1,LO06870592,N000010991,Base,6,LD0130483,0.0,SON0134715,0,1,SID0131842,0,0,Each,Carolyn,F8501D2,SALES,WOR2185981,2022-05-18 20:30:29,2022-05-19 13:29:14,2022-05-19 13:27:24,4,0,1,RETAIL,0,0,301,warehouseapp.d365,2022-05-19 13:29:14,Retail Picking,2,2023-02-02 14:08:07.500,1.0,11724424.0,11724314.0,-1148.0976848053858
152,WOR2517192,994,RETAIL,6316561020797420,0,2022-12-06 17:30:30,2022-12-06 19:43:08,2022-12-06 19:24:19,4,301,2,D365.Batch,58,0.0,#000000015149070F,0,1,LO09489542,N000012990,Base,11,LD0154252,0.0,SON0165908,0,1,SID0156433,0,0,Each,Carolyn,X4401D6,SALES,WOR2517192,2022-12-06 17:30:30,2022-12-06 19:39:37,2022-12-06 19:38:39,4,0,1,RETAIL,0,0,301,warehouseapp.d365,2022-12-06 19:39:37,Retail Picking,2,2023-02-02 14:08:07.500,1.0,29113047.0,29112989.0,-622.0545404182724
266,WOR2376830,274,RETAIL,6316561020312580,0,2022-09-14 15:30:12,2022-09-15 14:44:10,2022-09-15 14:39:36,4,301,2,D365.Batch,49,0.0,#00000001512576E2,0,1,LO08444489,N000010991,Base,6,LD0146615,0.0,SON0154990,0,1,SID0148398,0,0,Each,rschwarz,F8501D4,SALES,WOR2376830,2022-09-14 15:30:12,2022-09-15 14:44:00,2022-09-15 14:43:11,4,0,1,RETAIL,0,0,301,warehouseapp.d365,2022-09-15 14:44:00,Retail Picking,2,2023-02-02 14:08:07.500,1.0,22010510.0,22010461.0,-102.08471242871005
89,WOR2400955,230,RETAIL,6316561020453830,0,2022-09-29 17:00:37,2022-10-03 18:01:03,2022-10-03 17:53:16,4,301,2,D365.Batch,93,0.0,#00000001514C1759,0,1,LO08703907,N000010695,V1,1,LD0148706,0.0,SON0157899,0,1,SID0150534,0,0,Each,phaskell,X4401A6,SALES,WOR2400955,2022-09-29 17:00:38,2022-10-03 18:00:56,2022-10-03 17:59:23,4,0,1,RETAIL,0,0,301,warehouseapp.d365,2022-10-03 18:00:56,Retail Picking,2,2023-02-02 14:08:07.500,1.0,23577526.0,23577433.0,-1686.4157078914807
493,WOR2407463,275,RETAIL,6316561020465740,0,2022-10-04 16:00:32,2022-10-05 15:45:21,2022-10-05 15:40:46,4,301,2,D365.Batch,61,0.0,#00000001514C1ABD,0,1,LO08753786,N000010989,V1,4,LD0149073,0.0,SON0158237,0,1,SID0150902,0,0,Each,yahaira,X4401A6,SALES,WOR2407463,2022-10-04 16:00:32,2022-10-05 15:44:46,2022-10-05 15:43:45,4,0,1,RETAIL,0,0,301,warehouseapp.d365,2022-10-05 15:44:46,Retail Picking,2,2023-02-02 14:08:07.500,1.0,23742156.0,23742095.0,687.1617956272988
182,WOR2335144,369,RETAIL,6316561020124290,0,2022-08-17 15:30:36,2022-08-18 18:32:47,2022-08-18 17:54:00,4,301,2,D365.Batch,106,0.0,#00000001512576E2,0,1,LO08078017,N000010991,Base,7,LD0142423,0.0,SON0150925,0,1,SID0144230,0,0,Each,meliha,F8501C2,SALES,WOR2335144,2022-08-17 15:30:36,2022-08-18 17:58:03,2022-08-18 17:56:17,4,0,1,RETAIL,0,0,301,warehouseapp.d365,2022-08-18 17:58:03,Retail Picking,2,2023-02-02 14:08:07.500,1.0,19602953.0,19602847.0,560.2265137331212
170,WOR2214852,1077,RETAIL,6316561019685810,0,2022-06-08 18:30:45,2022-06-09 11:58:07,2022-06-09 11:40:09,4,301,2,D365.Batch,54,0.0,#00000001512576E2,0,1,LO07176837,N000010991,Base,20,LD0132974,0.0,SON0137438,0,1,SID0134448,0,0,Each,meliha,F8701B2,SALES,WOR2214852,2022-06-08 18:30:45,2022-06-09 11:57:51,2022-06-09 11:56:57,4,0,1,RETAIL,0,0,301,warehouseapp.d365,2022-06-09 11:57:51,Retail Picking,2,2023-02-02 14:08:07.500,1.0,13533341.0,13533287.0,-4272.586854773801
550,WOR1931983,547,RETAIL,6316561018593880,0,2022-01-06 19:32:24,2022-01-07 16:39:21,2022-01-07 16:29:54,4,301,2,D365.Batch,77,0.0,#0000000150ACC9BA,0,2,LO04806186,N000009154,Base,5,LD0112191,0.0,SON0115365,0,2,SID0112862,0,0,Each,rschwarz,F8401C4,SALES,WOR1931983,2022-01-06 19:32:24,2022-01-07 16:34:01,2022-01-07 16:32:44,4,0,1,RETAIL,0,0,301,warehouseapp.d365,2022-01-07 16:34:01,Retail Picking,2,2023-02-02 14:08:07.500,2.0,330711.0,330634.0,585.7562262381011
52,WOR2411758,104,RETAIL,6316561020471070,0,2022-10-05 18:30:35,2022-10-06 13:22:07,2022-10-06 13:20:23,4,301,2,D365.Batch,32,0.0,#00000001514C1759,0,1,LO08769511,N000010695,V1,3,LD0149308,0.0,SON0158483,0,1,SID0151130,0,0,Each,yahaira,X4401A6,SALES,WOR2411758,2022-10-05 18:30:35,2022-10-06 13:21:38,2022-10-06 13:21:06,4,0,1,RETAIL,0,0,301,warehouseapp.d365,2022-10-06 13:21:38,Retail Picking,2,2023-02-02 14:08:07.500,1.0,23819968.0,23819936.0,14158.665256208122
326,WOR2036686,1024,RETAIL,6316561019031390,0,2022-03-04 21:01:11,2022-03-07 13:28:51,2022-03-07 13:09:20,4,301,2,D365.Batch,78,0.0,#0000000150FD40BB,0,1,LO05737873,N000009676,Base,7,LD0121003,0.0,SON0124706,0,1,SID0121866,0,0,Each,Carolyn,X4401C4,SALES,WOR2036686,2022-03-04 21:01:12,2022-03-07 13:22:41,2022-03-07 13:21:23,4,0,1,RETAIL,0,0,301,warehouseapp.d365,2022-03-07 13:22:41,Retail Picking,2,2023-02-02 14:08:07.500,1.0,5416831.0,5416753.0,-1827.417773733131
267,WOR2163574,499,RETAIL,6316561019481600,0,2022-05-09 17:00:34,2022-05-10 12:19:37,2022-05-10 12:11:17,4,301,2,D365.Batch,58,0.0,#00000001510641DE,0,2,LO06715580,N000006797,V1,2,LD0129291,0.0,SON0133513,0,2,SID0130549,0,0,Each,gregn,F8401C4,SALES,WOR2163574,2022-05-09 17:00:34,2022-05-10 12:17:45,2022-05-10 12:16:47,4,0,1,RETAIL,0,0,301,warehouseapp.d365,2022-05-10 12:17:45,Retail Picking,2,2023-02-02 14:08:07.500,2.0,10942535.0,10942477.0,440.02658125888337
154,WOR2412406,118,RETAIL,6316561020488160,0,2022-10-06 05:00:31,2022-10-10 15:46:16,2022-10-10 15:44:18,4,301,2,D365.Batch,25,0.0,#00000001514C18D4,0,1,LO08778825,N000013234,Base,4,LD0149338,0.0,SON0158572,0,1,SID0151212,0,0,Each,yahaira,X4401A6,SALES,WOR2412406,2022-10-06 05:00:31,2022-10-10 15:45:56,2022-10-10 15:45:31,4,0,1,RETAIL,0,0,301,warehouseapp.d365,2022-10-10 15:45:56,Retail Picking,2,2023-02-02 14:08:07.500,1.0,24174226.0,24174201.0,11907.967960644171
136,WOR2411762,226,RETAIL,6316561020470600,0,2022-10-05 18:30:36,2022-10-06 12:45:34,2022-10-06 12:41:28,4,301,2,D365.Batch,83,0.0,#00000001514C18D4,0,1,LO08769846,N000013234,Base,4,LD0149312,0.0,SON0158487,0,1,SID0151134,0,0,Each,yahaira,X4401A6,SALES,WOR2411762,2022-10-05 18:30:36,2022-10-06 12:44:16,2022-10-06 12:42:53,4,0,1,RETAIL,0,0,301,warehouseapp.d365,2022-10-06 12:44:16,Retail Picking,2,2023-02-02 14:08:07.500,1.0,23817726.0,23817643.0,-169.21782666644697
26,WOR2211284,27,RETAIL,6316561019679610,0,2022-06-07 12:30:15,2022-06-08 14:47:38,2022-06-08 14:47:11,4,301,2,D365.Batch,15,0.0,#00000001512576C8,0,1,LO07148851,N000010692,Base,1,LD0132818,0.0,SON0137035,0,1,SID0134218,0,0,Each,meliha,X4401D1,SALES,WOR2211284,2022-06-07 12:30:15,2022-06-08 14:47:26,2022-06-08 14:47:11,4,0,1,RETAIL,0,0,301,warehouseapp.d365,2022-06-08 14:47:26,Retail Picking,2,2023-02-02 14:08:07.500,1.0,13457116.0,13457101.0,-513.7680889580645
381,WOR2412394,1776,RETAIL,6316561020486480,0,2022-10-06 02:30:18,2022-10-10 14:41:54,2022-10-10 14:12:18,4,301,2,D365.Batch,29,0.0,#00000001514BDA6C,0,1,LO08778741,N000001144,V8,1,LD0149377,0.0,SON0158545,0,1,SID0151190,0,0,Each,yahaira,X4401A6,SALES,WOR2412394,2022-10-06 02:30:18,2022-10-10 14:12:47,2022-10-10 14:12:18,4,0,1,RETAIL,0,0,301,warehouseapp.d365,2022-10-10 14:12:47,Retail Picking,2,2023-02-02 14:08:07.500,1.0,24168637.0,24168608.0,76.71414309017285
113,WOR2440570,405,RETAIL,6316561020546030,0,2022-10-21 16:30:34,2022-10-21 18:15:58,2022-10-21 18:09:13,4,301,2,D365.Batch,191,0.0,#000000015149070F,0,1,LO08942729,N000012990,Base,4,LD0150917,0.0,SON0160954,0,1,SID0152886,0,0,Each,rschwarz,F8001A1,SALES,WOR2440570,2022-10-21 16:30:34,2022-10-21 18:14:40,2022-10-21 18:11:29,4,0,1,RETAIL,0,0,301,warehouseapp.d365,2022-10-21 18:14:40,Retail Picking,2,2023-02-02 14:08:07.500,1.0,25133550.0,25133359.0,-480.3426578804601
193,WOR2401146,171,RETAIL,6316561020453120,0,2022-09-29 16:30:32,2022-10-03 16:55:55,2022-10-03 16:53:04,4,301,2,D365.Batch,37,0.0,#00000001514C18D4,0,1,LO08703184,N000013234,Base,3,LD0148719,0.0,SON0157887,0,1,SID0150521,0,0,Each,phaskell,X4401A6,SALES,WOR2401146,2022-09-29 16:30:32,2022-10-03 16:55:36,2022-10-03 16:54:59,4,0,1,RETAIL,0,0,301,warehouseapp.d365,2022-10-03 16:55:36,Retail Picking,2,2023-02-02 14:08:07.500,1.0,23573606.0,23573569.0,-14070.061171397001
425,WOR1973807,287,RETAIL,6316561018771290,0,2022-01-31 21:00:37,2022-02-01 11:41:59,2022-02-01 11:33:56,4,301,2,D365.Batch,32,0.0,#0000000150DEB9D5,0,1,LO05218697,N000000157,V11,2,LD0115792,0.0,SON0119148,0,1,SID0116641,0,0,Each,Carolyn,F8201D1,SALES,WOR1973807,2022-01-31 21:00:38,2022-02-01 11:41:11,2022-02-01 11:40:39,4,0,1,RETAIL,0,0,301,warehouseapp.d365,2022-02-01 11:41:11,Retail Picking,2,2023-02-02 14:08:07.500,1.0,2473141.0,2473109.0,-121.55222589927182
248,WOR2223503,55,RETAIL,6316561019712330,0,2022-06-13 20:00:42,2022-06-14 16:17:16,2022-06-14 16:16:21,4,301,2,D365.Batch,13,0.0,#000000015110DA45,0,1,LO07258063,N000004999,V2,3,LD0133563,0.0,SON0138316,0,1,SID0135028,0,0,Each,meliha,PACK1,SALES,WOR2223503,2022-06-13 20:00:42,2022-06-14 16:17:16,2022-06-14 16:17:03,4,0,2,0,0,0,301,warehouseapp.d365,2022-06-14 16:17:16,Retail Picking,2,2023-02-02 14:08:07.500,1.0,13980906.0,13980893.0,-700.8863890376253
393,WOR1938822,83,RETAIL,6316561018607960,0,2022-01-10 19:31:10,2022-01-11 11:20:59,2022-01-11 11:19:36,4,301,2,D365.Batch,72,0.0,#0000000150DEB9D5,0,1,LO04864134,N000000157,V11,1,LD0112623,0.0,SON0115815,0,1,SID0113167,0,0,Each,gregn,F8201D1,SALES,WOR1938822,2022-01-10 19:31:10,2022-01-11 11:20:48,2022-01-11 11:19:36,4,0,1,RETAIL,0,0,301,warehouseapp.d365,2022-01-11 11:20:48,Retail Picking,2,2023-02-02 14:08:07.500,1.0,657518.0,657446.0,-169.20372877847458
526,WOR2412430,306,RETAIL,6316561020490560,0,2022-10-06 05:00:39,2022-10-10 19:33:28,2022-10-10 19:28:22,4,301,2,D365.Batch,130,0.0,#00000001514C1ABD,0,1,LO08778933,N000010989,V1,3,LD0149415,0.0,SON0158599,0,1,SID0151238,0,0,Each,rschwarz,X4401A6,SALES,WOR2412430,2022-10-06 05:00:39,2022-10-10 19:32:33,2022-10-10 19:30:23,4,0,1,RETAIL,0,0,301,warehouseapp.d365,2022-10-10 19:32:33,Retail Picking,2,2023-02-02 14:08:07.500,1.0,24187823.0,24187693.0,-13631.064284915692
173,WOR2412095,39,RETAIL,6316561020485370,0,2022-10-05 20:30:31,2022-10-10 13:29:55,2022-10-10 13:29:16,4,301,2,D365.Batch,22,0.0,#00000001514C18D4,0,1,LO08774048,N000013234,Base,1,LD0149341,0.0,SON0158496,0,1,SID0151144,0,0,Each,yahaira,X4401A6,SALES,WOR2412095,2022-10-05 20:30:31,2022-10-10 13:29:38,2022-10-10 13:29:16,4,0,1,RETAIL,0,0,301,warehouseapp.d365,2022-10-10 13:29:38,Retail Picking,2,2023-02-02 14:08:07.500,1.0,24166048.0,24166026.0,-4620.27991047667
586,WOR1962741,58,RETAIL,6316561018706020,0,2022-01-24 14:30:37,2022-01-24 17:00:25,2022-01-24 16:59:27,4,301,2,D365.Batch,1,0.0,#0000000150F7F53F,0,3,LO05087166,N000008189,BASE,2,LD0114376,0.0,SON0117840,0,3,SID0115176,0,0,Each,meliha,0,SALES,WOR1962741,2022-01-24 14:30:37,2022-01-24 17:00:09,2022-01-24 17:00:08,4,0,8,0,0,0,301,warehouseapp.d365,2022-01-24 17:00:09,Retail Picking,2,2023-02-02 14:08:07.500,3.0,1801079.0,1801078.0,-90.11138884667037
125,WOR2411755,111,RETAIL,6316561020471250,0,2022-10-05 18:30:35,2022-10-06 13:20:21,2022-10-06 13:18:30,4,301,2,D365.Batch,16,0.0,#00000001514C18D4,0,1,LO08769503,N000013234,Base,2,LD0149307,0.0,SON0158482,0,1,SID0151129,0,0,Each,yahaira,X4401A6,SALES,WOR2411755,2022-10-05 18:30:35,2022-10-06 13:20:09,2022-10-06 13:19:53,4,0,1,RETAIL,0,0,301,warehouseapp.d365,2022-10-06 13:20:09,Retail Picking,2,2023-02-02 14:08:07.500,1.0,23819879.0,23819863.0,-399.55520886773456
553,WOR1947927,131,RETAIL,6316561018634060,0,2022-01-13 19:31:28,2022-01-13 20:46:56,2022-01-13 20:44:45,4,301,2,D365.Batch,125,0.0,#0000000150ACC9BA,0,2,LO04925603,N000009154,Base,1,LD0113094,0.0,SON0116302,0,2,SID0113781,0,0,Each,rschwarz,F8501C1,SALES,WOR1947927,2022-01-13 19:31:28,2022-01-13 20:46:50,2022-01-13 20:44:45,4,0,1,RETAIL,0,0,301,warehouseapp.d365,2022-01-13 20:46:50,Retail Picking,2,2023-02-02 14:08:07.500,2.0,864280.0,864155.0,-891.0241763409454
350,WOR2161803,89,RETAIL,6316561019475320,0,2022-05-06 20:30:20,2022-05-09 14:09:51,2022-05-09 14:08:22,4,301,2,D365.Batch,0,0.0,#0000000151219A6A,0,2,LO06700576,N000004922,Base,2,LD0129113,0.0,SON0133204,0,2,SID0130422,0,0,Each,gregn,0,SALES,WOR2161803,2022-05-06 20:30:20,2022-05-09 14:09:43,2022-05-09 14:09:43,4,0,8,0,0,0,301,warehouseapp.d365,2022-05-09 14:09:43,Retail Picking,2,2023-02-02 14:08:07.500,2.0,10862853.0,10862853.0,400.6134637007049
474,WOR2412553,265,RETAIL,6316561020481770,0,2022-10-06 15:00:41,2022-10-07 16:37:30,2022-10-07 16:33:05,4,301,2,D365.Batch,138,0.0,#00000001514BDA6C,0,1,LO08783076,N000001144,V8,1,LD0149505,0.0,SON0158713,0,1,SID0151401,0,0,Each,julie,X4401A6,SALES,WOR2412553,2022-10-06 15:00:41,2022-10-07 16:35:23,2022-10-07 16:33:05,4,0,1,RETAIL,0,0,301,warehouseapp.d365,2022-10-07 16:35:23,Retail Picking,2,2023-02-02 14:08:07.500,1.0,23917993.0,23917855.0,98.38230237872824
295,WOR2395858,525,RETAIL,6316561020407260,0,2022-09-26 16:00:35,2022-09-27 13:15:39,2022-09-27 13:06:54,4,301,2,D365.Batch,79,0.0,#000000015139423E,0,1,LO08580447,N000005776,V1,1,LD0148255,0.0,SON0156914,0,1,SID0150047,0,0,Each,rschwarz,F8501B4,SALES,WOR2395858,2022-09-26 16:00:35,2022-09-27 13:08:13,2022-09-27 13:06:54,4,0,1,RETAIL,0,0,301,warehouseapp.d365,2022-09-27 13:08:13,Retail Picking,2,2023-02-02 14:08:07.500,1.0,23041563.0,23041484.0,-4005.6926716035955
528,WOR2412397,234,RETAIL,6316561020489170,0,2022-10-06 05:00:28,2022-10-10 17:31:30,2022-10-10 17:24:35,4,301,2,D365.Batch,141,0.0,#00000001514C1ABD,0,1,LO08778783,N000010989,V1,3,LD0149381,0.0,SON0158550,0,1,SID0151201,0,0,Each,yahaira,X4401A6,SALES,WOR2412397,2022-10-06 05:00:28,2022-10-10 17:31:17,2022-10-10 17:28:56,4,0,1,RETAIL,0,0,301,warehouseapp.d365,2022-10-10 17:31:17,Retail Picking,2,2023-02-02 14:08:07.500,1.0,24180547.0,24180406.0,-248.03446667660415
3,WOR2203462,77,RETAIL,6316561019646210,0,2022-06-02 16:30:33,2022-06-02 19:32:04,2022-06-02 19:30:45,4,301,2,D365.Batch,20,0.0,#00000001512576C8,0,1,LO07089205,N000010692,Base,2,LD0132230,0.0,SON0136465,0,1,SID0133706,0,0,Each,Carolyn,F8301D2,SALES,WOR2203462,2022-06-02 16:30:33,2022-06-02 19:31:21,2022-06-02 19:31:01,4,0,1,RETAIL,0,0,301,warehouseapp.d365,2022-06-02 19:31:21,Retail Picking,2,2023-02-02 14:08:07.500,1.0,12955751.0,12955731.0,-876.7153755658567
256,WOR2104341,149,RETAIL,6316561019297290,0,2022-04-08 15:30:26,2022-04-08 20:12:18,2022-04-08 20:09:49,4,301,2,D365.Batch,139,0.0,#0000000150F7EA2D,0,1,LO06288967,N000001494,V3,1,LD0125557,0.0,SON0129589,0,1,SID0126672,0,0,Each,rschwarz,F8701B5,SALES,WOR2104341,2022-04-08 15:30:26,2022-04-08 20:12:08,2022-04-08 20:09:49,4,0,1,RETAIL,0,0,301,warehouseapp.d365,2022-04-08 20:12:08,Retail Picking,2,2023-02-02 14:08:07.500,1.0,8206198.0,8206059.0,-310.6546937423273
49,WOR2412436,304,RETAIL,6316561020490900,0,2022-10-06 05:00:40,2022-10-10 19:41:41,2022-10-10 19:36:37,4,301,2,D365.Batch,44,0.0,#00000001514C1759,0,1,LO08778937,N000010695,V1,4,LD0149408,0.0,SON0158600,0,1,SID0151239,0,0,Each,rschwarz,X4401A6,SALES,WOR2412436,2022-10-06 05:00:40,2022-10-10 19:41:36,2022-10-10 19:40:52,4,0,1,RETAIL,0,0,301,warehouseapp.d365,2022-10-10 19:41:36,Retail Picking,2,2023-02-02 14:08:07.500,1.0,24188366.0,24188322.0,-8446.231781766539
289,WOR2496095,217,RETAIL,6316561020753700,0,2022-11-25 16:30:25,2022-11-29 12:03:53,2022-11-29 12:00:16,4,301,2,D365.Batch,26,0.0,#000000015139423E,0,1,LO09366984,N000005776,V1,2,LD0153371,0.0,SON0165069,0,1,SID0155567,0,0,Each,meliha,F8201C3,SALES,WOR2496095,2022-11-25 16:30:25,2022-11-29 12:01:34,2022-11-29 12:01:08,4,0,1,RETAIL,0,0,301,warehouseapp.d365,2022-11-29 12:01:34,Retail Picking,2,2023-02-02 14:08:07.500,1.0,28480764.0,28480738.0,-1513.8026844388846
507,WOR2410313,283,RETAIL,6316561020467410,0,2022-10-05 13:30:38,2022-10-05 17:59:52,2022-10-05 17:55:09,4,301,2,D365.Batch,74,0.0,#00000001514C1ABD,0,1,LO08764805,N000010989,V1,3,LD0149241,0.0,SON0158436,0,1,SID0151059,0,0,Each,yahaira,X4401A6,SALES,WOR2410313,2022-10-05 13:30:38,2022-10-05 17:58:05,2022-10-05 17:56:51,4,0,1,RETAIL,0,0,301,warehouseapp.d365,2022-10-05 17:58:05,Retail Picking,2,2023-02-02 14:08:07.500,1.0,23750155.0,23750081.0,-220.99304818823447
497,WOR2409177,141,RETAIL,6316561020462860,0,2022-10-04 19:30:33,2022-10-05 13:00:31,2022-10-05 12:58:10,4,301,2,D365.Batch,1,0.0,#00000001514C1ABD,0,1,LO08758676,N000010989,V1,2,LD0149114,0.0,SON0158320,0,1,SID0150938,0,0,Each,yahaira,0,SALES,WOR2409177,2022-10-04 19:30:33,2022-10-05 13:00:01,2022-10-05 13:00:00,4,0,8,0,0,0,301,warehouseapp.d365,2022-10-05 13:00:01,Retail Picking,2,2023-02-02 14:08:07.500,1.0,23732271.0,23732270.0,-3738.6673986874775
226,WOR2005210,48,RETAIL,6316561018897430,0,2022-02-16 21:30:32,2022-02-17 14:04:20,2022-02-17 14:03:32,4,301,2,D365.Batch,7,0.0,#0000000150FBFA17,0,1,LO05483113,N000005636,Base,3,LD0118485,0.0,SON0122161,0,1,SID0119342,0,0,Each,rschwarz,PACK1,SALES,WOR2005210,2022-02-16 21:30:32,2022-02-17 14:04:20,2022-02-17 14:04:13,4,0,2,0,0,0,301,warehouseapp.d365,2022-02-17 14:04:20,Retail Picking,2,2023-02-02 14:08:07.500,1.0,3864130.0,3864123.0,391.67434391330136
532,WOR2444006,307,RETAIL,6316561020562290,0,2022-10-25 15:25:26,2022-10-25 15:41:56,2022-10-25 15:36:49,4,301,2,Ferial.Tor,85,0.0,#00000001514C1ABD,0,2,LO08985201,N000010989,V1,1,LD0151318,0.0,SON0161422,0,1,SID0153242,0,0,Case,yahaira,X4401C5,SALES,WOR2444006,2022-10-25 15:25:26,2022-10-25 15:38:14,2022-10-25 15:36:49,4,0,1,RETAIL,0,0,301,warehouseapp.d365,2022-10-25 15:38:14,Retail Picking,2,2023-02-02 14:08:07.500,1.0,25469764.0,25469679.0,790.0034576036167
360,WOR2409602,152,RETAIL,6316561020468540,0,2022-10-05 01:00:31,2022-10-05 19:26:25,2022-10-05 19:23:52,4,301,2,D365.Batch,29,0.0,#00000001514BDA6C,0,1,LO08762673,N000001144,V8,1,LD0149191,0.0,SON0158386,0,1,SID0151013,0,0,Each,yahaira,X4401A6,SALES,WOR2409602,2022-10-05 01:00:31,2022-10-05 19:24:21,2022-10-05 19:23:52,4,0,1,RETAIL,0,0,301,warehouseapp.d365,2022-10-05 19:24:21,Retail Picking,2,2023-02-02 14:08:07.500,1.0,23755331.0,23755302.0,-962.7850936712989
583,WOR1956791,202,RETAIL,6316561018675400,0,2022-01-19 21:31:11,2022-01-20 14:27:53,2022-01-20 14:24:30,4,301,2,D365.Batch,44,0.0,#0000000150F7EFFD,0,1,LO05010755,N000010693,Base,3,LD0113830,0.0,SON0117111,0,1,SID0114664,0,0,Each,gregn,X4401B8,SALES,WOR1956791,2022-01-19 21:31:11,2022-01-20 14:27:30,2022-01-20 14:26:46,4,0,1,RETAIL,0,0,301,warehouseapp.d365,2022-01-20 14:27:30,Retail Picking,2,2023-02-02 14:08:07.500,1.0,1446320.0,1446276.0,-12516.20246177803
213,WOR2017627,184,RETAIL,6316561018956620,0,2022-02-23 20:30:36,2022-02-24 14:04:19,2022-02-24 14:01:12,4,301,2,D365.Batch,39,0.0,#0000000150FBFA17,0,1,LO05579587,N000005636,Base,1,LD0119485,0.0,SON0123067,0,1,SID0120248,0,0,Each,rschwarz,X4401C4,SALES,WOR2017627,2022-02-23 20:30:36,2022-02-24 14:01:51,2022-02-24 14:01:12,4,0,1,RETAIL,0,0,301,warehouseapp.d365,2022-02-24 14:01:51,Retail Picking,2,2023-02-02 14:08:07.500,1.0,4468781.0,4468742.0,-354.15824571107527
159,WOR2412405,182,RETAIL,6316561020489030,0,2022-10-06 05:00:31,2022-10-10 17:03:00,2022-10-10 16:59:57,4,301,2,D365.Batch,42,0.0,#00000001514C18D4,0,1,LO08778814,N000013234,Base,4,LD0149337,0.0,SON0158568,0,1,SID0151208,0,0,Each,yahaira,X4401A6,SALES,WOR2412405,2022-10-06 05:00:31,2022-10-10 17:02:52,2022-10-10 17:02:10,4,0,1,RETAIL,0,0,301,warehouseapp.d365,2022-10-10 17:02:52,Retail Picking,2,2023-02-02 14:08:07.500,1.0,24178842.0,24178800.0,-6859.403012487182
48,WOR2412440,171,RETAIL,6316561020488700,0,2022-10-06 06:30:52,2022-10-10 16:11:45,2022-10-10 16:08:53,4,301,2,D365.Batch,35,0.0,#00000001514C1759,0,1,LO08779244,N000010695,V1,4,LD0149422,0.0,SON0158609,0,1,SID0151251,0,0,Each,yahaira,X4401A6,SALES,WOR2412440,2022-10-06 06:30:53,2022-10-10 16:11:35,2022-10-10 16:11:00,4,0,1,RETAIL,0,0,301,warehouseapp.d365,2022-10-10 16:11:35,Retail Picking,2,2023-02-02 14:08:07.500,1.0,24175765.0,24175730.0,-694.4654376565746
342,WOR2412467,140,RETAIL,6316561020490720,0,2022-10-06 06:31:08,2022-10-10 19:26:36,2022-10-10 19:24:16,4,301,2,D365.Batch,35,0.0,#00000001514C1759,0,1,LO08779291,N000010695,V1,3,LD0149439,0.0,SON0158626,0,1,SID0151268,0,0,Each,meliha,X4401A6,SALES,WOR2412467,2022-10-06 06:31:08,2022-10-10 19:25:55,2022-10-10 19:25:20,4,0,1,RETAIL,0,0,301,warehouseapp.d365,2022-10-10 19:25:55,Retail Picking,2,2023-02-02 14:08:07.500,1.0,24187425.0,24187390.0,-1731.8365265864688
131,WOR2516762,450,RETAIL,6316561020797950,0,2022-12-06 16:30:28,2022-12-06 20:14:17,2022-12-06 20:06:46,4,301,2,D365.Batch,52,0.0,#000000015149070F,0,3,LO09467581,N000012990,Base,3,LD0154233,0.0,SON0165778,0,3,SID0156387,0,0,Each,yahaira,X4401D6,SALES,WOR2516762,2022-12-06 16:30:28,2022-12-06 20:10:27,2022-12-06 20:09:35,4,0,1,RETAIL,0,0,301,warehouseapp.d365,2022-12-06 20:10:27,Retail Picking,2,2023-02-02 14:08:07.500,3.0,29114897.0,29114845.0,13202.875098127388
83,WOR2401217,300,RETAIL,6316561020454330,0,2022-09-29 17:00:30,2022-10-03 18:27:32,2022-10-03 18:22:32,4,301,2,D365.Batch,30,0.0,#00000001514C1759,0,1,LO08703712,N000010695,V1,4,LD0148728,0.0,SON0157894,0,1,SID0150520,0,0,Each,phaskell,X4401A6,SALES,WOR2401217,2022-09-29 17:00:30,2022-10-03 18:27:10,2022-10-03 18:26:40,4,0,1,RETAIL,0,0,301,warehouseapp.d365,2022-10-03 18:27:10,Retail Picking,2,2023-02-02 14:08:07.500,1.0,23579100.0,23579070.0,-1308.1501734330113
397,WOR2406893,324,RETAIL,6316561020459030,0,2022-10-04 13:30:29,2022-10-04 18:20:29,2022-10-04 18:15:04,4,301,2,D365.Batch,88,0.0,#00000001514BDA6C,0,1,LO08751412,N000001144,V8,1,LD0149052,0.0,SON0158212,0,1,SID0150878,0,0,Each,yahaira,X4401A6,SALES,WOR2406893,2022-10-04 13:30:29,2022-10-04 18:16:32,2022-10-04 18:15:04,4,0,1,RETAIL,0,0,301,warehouseapp.d365,2022-10-04 18:16:32,Retail Picking,2,2023-02-02 14:08:07.500,1.0,23664862.0,23664774.0,-2715.1189192137695
455,WOR2124162,417,RETAIL,6316561019349880,0,2022-04-19 19:30:32,2022-04-20 11:23:16,2022-04-20 11:16:17,4,301,2,D365.Batch,41,0.0,#0000000150DEB9D5,0,1,LO06411425,N000000157,V11,1,LD0126883,0.0,SON0130947,0,1,SID0128011,0,0,Each,rschwarz,F8201D2,SALES,WOR2124162,2022-04-19 19:30:32,2022-04-20 11:16:58,2022-04-20 11:16:17,4,0,1,RETAIL,0,0,301,warehouseapp.d365,2022-04-20 11:16:58,Retail Picking,2,2023-02-02 14:08:07.500,1.0,9210888.0,9210847.0,-153.14582108965112
148,WOR2466303,41,RETAIL,6316561020642620,0,2022-11-07 18:00:38,2022-11-07 19:11:18,2022-11-07 19:10:37,4,301,2,D365.Batch,6,0.0,#000000015149070F,0,1,LO09163431,N000012990,Base,3,LD0152234,0.0,SON0162962,0,1,SID0154176,0,0,Each,Carolyn,PACK1,SALES,WOR2466303,2022-11-07 18:00:38,2022-11-07 19:11:18,2022-11-07 19:11:12,4,0,2,0,0,0,301,warehouseapp.d365,2022-11-07 19:11:18,Retail Picking,2,2023-02-02 14:08:07.500,1.0,26605748.0,26605742.0,-715.0683708922102
275,WOR2084064,1140,RETAIL,6316561019218020,0,2022-03-29 15:30:32,2022-03-29 18:44:19,2022-03-29 18:25:18,4,301,2,D365.Batch,36,0.0,#0000000150F7E7BA,0,1,LO06116291,N000008188,BASE,2,LD0124258,0.0,SON0128126,0,1,SID0125277,0,0,Each,Carolyn,F8401A4,SALES,WOR2084064,2022-03-29 15:30:32,2022-03-29 18:27:49,2022-03-29 18:27:13,4,0,1,RETAIL,0,0,301,warehouseapp.d365,2022-03-29 18:27:49,Retail Picking,2,2023-02-02 14:08:07.500,1.0,7335939.0,7335903.0,-1116.83023152783
344,WOR2409630,43,RETAIL,6316561020467920,0,2022-10-05 03:30:32,2022-10-05 18:21:28,2022-10-05 18:20:45,4,301,2,D365.Batch,0,0.0,#00000001514C1759,0,1,LO08762970,N000010695,V1,2,LD0149208,0.0,SON0158403,0,1,SID0151039,0,0,Each,yahaira,0,SALES,WOR2409630,2022-10-05 03:30:32,2022-10-05 18:21:08,2022-10-05 18:21:08,4,0,8,0,0,0,301,warehouseapp.d365,2022-10-05 18:21:08,Retail Picking,2,2023-02-02 14:08:07.500,1.0,23751538.0,23751538.0,-2368.551061976058
217,WOR2511099,1572,RETAIL,6316561020787340,0,2022-12-05 14:30:34,2022-12-05 17:37:05,2022-12-05 17:10:53,4,301,2,D365.Batch,97,0.0,#00000001509DEAF6,0,1,LO09449377,N000009444,BASE,11,LD0154098,0.0,SON0165659,0,1,SID0156243,0,0,Each,Carolyn,F8701C3,SALES,WOR2511099,2022-12-05 14:30:34,2022-12-05 17:22:43,2022-12-05 17:21:06,4,0,1,RETAIL,0,0,301,warehouseapp.d365,2022-12-05 17:22:43,Retail Picking,2,2023-02-02 14:08:07.500,1.0,29018433.0,29018336.0,-1905.9410254662578
29,WOR2410624,287,RETAIL,6316561020466400,0,2022-10-05 14:30:24,2022-10-05 17:05:53,2022-10-05 17:01:06,4,301,2,D365.Batch,57,0.0,#00000001514C1759,0,1,LO08766246,N000010695,V1,3,LD0149262,0.0,SON0158444,0,1,SID0151073,0,0,Each,yahaira,X4401A6,SALES,WOR2410624,2022-10-05 14:30:24,2022-10-05 17:03:41,2022-10-05 17:02:44,4,0,1,RETAIL,0,0,301,warehouseapp.d365,2022-10-05 17:03:41,Retail Picking,2,2023-02-02 14:08:07.500,1.0,23746891.0,23746834.0,2718.717803679101
291,WOR2399581,765,RETAIL,6316561020423130,0,2022-09-28 16:30:35,2022-09-28 18:15:21,2022-09-28 18:02:35,4,301,2,D365.Batch,68,0.0,#000000015139423E,0,1,LO08680448,N000005776,V1,5,LD0148645,0.0,SON0157675,0,1,SID0150408,0,0,Each,yahaira,F8201C3,SALES,WOR2399581,2022-09-28 16:30:35,2022-09-28 18:10:48,2022-09-28 18:09:40,4,0,1,RETAIL,0,0,301,warehouseapp.d365,2022-09-28 18:10:48,Retail Picking,2,2023-02-02 14:08:07.500,1.0,23146118.0,23146050.0,-14156.076377273434
506,WOR2412472,379,RETAIL,6316561020490790,0,2022-10-06 06:31:13,2022-10-10 19:41:25,2022-10-10 19:35:05,4,301,2,D365.Batch,100,0.0,#00000001514C1ABD,0,1,LO08779304,N000010989,V1,2,LD0149444,0.0,SON0158631,0,1,SID0151273,0,0,Each,meliha,X4401A6,SALES,WOR2412472,2022-10-06 06:31:13,2022-10-10 19:37:12,2022-10-10 19:35:32,4,0,1,RETAIL,0,0,301,warehouseapp.d365,2022-10-10 19:37:12,Retail Picking,2,2023-02-02 14:08:07.500,1.0,24188102.0,24188002.0,366.9066415914928
492,WOR2412476,492,RETAIL,6316561020488260,0,2022-10-06 06:31:17,2022-10-10 16:00:57,2022-10-10 15:52:44,4,301,2,D365.Batch,109,0.0,#00000001514C1ABD,0,1,LO08779326,N000010989,V1,4,LD0149449,0.0,SON0158636,0,1,SID0151278,0,0,Each,Carolyn,X4401A6,SALES,WOR2412476,2022-10-06 06:31:18,2022-10-10 16:00:54,2022-10-10 15:59:05,4,0,1,RETAIL,0,0,301,warehouseapp.d365,2022-10-10 16:00:54,Retail Picking,2,2023-02-02 14:08:07.500,1.0,24175124.0,24175015.0,-2294.603652243698
101,WOR2409630,43,RETAIL,6316561020467920,0,2022-10-05 03:30:32,2022-10-05 18:21:28,2022-10-05 18:20:45,4,301,2,D365.Batch,23,0.0,#00000001514C1759,0,1,LO08762970,N000010695,V1,1,LD0149208,0.0,SON0158403,0,1,SID0151039,0,0,Each,yahaira,X4401A6,SALES,WOR2409630,2022-10-05 03:30:32,2022-10-05 18:21:08,2022-10-05 18:20:45,4,0,1,RETAIL,0,0,301,warehouseapp.d365,2022-10-05 18:21:08,Retail Picking,2,2023-02-02 14:08:07.500,1.0,23751538.0,23751515.0,-13398.343370164923
180,WOR2312915,1169,RETAIL,6316561020050050,0,2022-08-05 18:30:30,2022-08-08 16:03:11,2022-08-08 15:35:20,4,301,2,D365.Batch,66,0.0,#00000001512576E2,0,2,LO07923708,N000010991,Base,9,LD0140447,0.0,SON0147810,0,2,SID0142147,0,0,Each,Carolyn,F8501C2,SALES,WOR2312915,2022-08-05 18:30:30,2022-08-08 15:43:40,2022-08-08 15:42:34,4,0,1,RETAIL,0,0,301,warehouseapp.d365,2022-08-08 15:43:40,Retail Picking,2,2023-02-02 14:08:07.500,2.0,18730890.0,18730824.0,229.24878007116436
353,WOR2496096,848,RETAIL,6316561020751650,0,2022-11-25 16:30:25,2022-11-28 20:53:38,2022-11-28 20:36:29,4,301,2,D365.Batch,45,0.0,#00000001514F2B62,0,1,LO09363107,N000010978,Base,7,LD0153361,0.0,SON0165037,0,1,SID0155564,0,0,Each,yahaira,F8401C1,SALES,WOR2496096,2022-11-25 16:30:25,2022-11-28 20:50:23,2022-11-28 20:49:38,4,0,1,RETAIL,0,0,301,warehouseapp.d365,2022-11-28 20:50:23,Retail Picking,2,2023-02-02 14:08:07.500,1.0,28426093.0,28426048.0,232.8645214840402
543,WOR1968219,77,RETAIL,6316561018734990,0,2022-01-26 17:00:18,2022-01-26 19:21:24,2022-01-26 19:20:07,4,301,2,D365.Batch,0,0.0,#0000000150ACC9BA,0,2,LO05140902,N000009154,Base,2,LD0115006,0.0,SON0118297,0,2,SID0115775,0,0,Each,meliha,0,SALES,WOR1968219,2022-01-26 17:00:18,2022-01-26 19:21:17,2022-01-26 19:21:17,4,0,8,0,0,0,301,warehouseapp.d365,2022-01-26 19:21:17,Retail Picking,2,2023-02-02 14:08:07.500,2.0,1982347.0,1982347.0,948.5018384155406
188,WOR2310946,1015,RETAIL,6316561020042510,0,2022-08-05 14:31:08,2022-08-05 17:08:04,2022-08-05 16:35:53,4,301,2,Ferial.Tor,52,0.0,#00000001512576E2,0,1,LO07924442,N000010991,Base,8,LD0140368,0.0,SON0147811,0,1,SID0141853,0,0,Each,meliha,F8501C2,SALES,WOR2310946,2022-08-05 14:31:08,2022-08-05 16:44:10,2022-08-05 16:43:18,4,0,1,RETAIL,0,0,301,warehouseapp.d365,2022-08-05 16:44:10,Retail Picking,2,2023-02-02 14:08:07.500,1.0,18475320.0,18475268.0,-6174.024870957264
39,WOR2204816,64,RETAIL,6316561019649580,0,2022-06-02 20:30:36,2022-06-03 11:55:51,2022-06-03 11:54:46,4,301,2,D365.Batch,21,0.0,#00000001512584DD,0,1,LO07103398,N000008681,Base,1,LD0132258,0.0,SON0136519,0,1,SID0133749,0,0,Each,meliha,F8401D3,SALES,WOR2204816,2022-06-02 20:30:36,2022-06-03 11:55:07,2022-06-03 11:54:46,4,0,1,RETAIL,0,0,301,warehouseapp.d365,2022-06-03 11:55:07,Retail Picking,2,2023-02-02 14:08:07.500,1.0,13014777.0,13014756.0,-224.61061974563216
479,WOR2409299,225,RETAIL,6316561020464760,0,2022-10-04 20:00:39,2022-10-05 14:59:48,2022-10-05 14:56:03,4,301,2,D365.Batch,107,0.0,#00000001514C1ABD,0,1,LO08759633,N000010989,V1,1,LD0149144,0.0,SON0158346,0,1,SID0150976,0,0,Each,yahaira,X4401A6,SALES,WOR2409299,2022-10-04 20:00:39,2022-10-05 14:57:50,2022-10-05 14:56:03,4,0,1,RETAIL,0,0,301,warehouseapp.d365,2022-10-05 14:57:50,Retail Picking,2,2023-02-02 14:08:07.500,1.0,23739340.0,23739233.0,80.54062637948994
357,WOR2425421,417,RETAIL,6316561020496340,0,2022-10-12 12:30:29,2022-10-12 14:52:04,2022-10-12 14:45:06,4,301,2,D365.Batch,79,0.0,#00000001514F2B62,0,1,LO08831374,N000010978,Base,5,LD0149987,0.0,SON0159388,0,1,SID0151798,0,0,Each,rschwarz,F8401C1,SALES,WOR2425421,2022-10-12 12:30:29,2022-10-12 14:49:42,2022-10-12 14:48:23,4,0,1,RETAIL,0,0,301,warehouseapp.d365,2022-10-12 14:49:42,Retail Picking,2,2023-02-02 14:08:07.500,1.0,24343652.0,24343573.0,-123.86086528041803
46,WOR2412399,216,RETAIL,6316561020489290,0,2022-10-06 05:00:28,2022-10-10 17:24:28,2022-10-10 17:20:51,4,301,2,D365.Batch,26,0.0,#00000001514C1759,0,1,LO08778786,N000010695,V1,3,LD0149382,0.0,SON0158551,0,1,SID0151202,0,0,Each,yahaira,X4401A6,SALES,WOR2412399,2022-10-06 05:00:28,2022-10-10 17:23:12,2022-10-10 17:22:46,4,0,1,RETAIL,0,0,301,warehouseapp.d365,2022-10-10 17:23:12,Retail Picking,2,2023-02-02 14:08:07.500,1.0,24180062.0,24180036.0,-4532.82758637786
263,WOR2208989,175,RETAIL,6316561019667620,0,2022-06-06 15:00:58,2022-06-07 14:01:10,2022-06-07 13:58:14,4,301,2,D365.Batch,32,0.0,#00000001512576E2,0,1,LO07133080,N000010991,Base,5,LD0132608,0.0,SON0136957,0,1,SID0134091,0,0,Each,meliha,F8501D2,SALES,WOR2208989,2022-06-06 15:00:58,2022-06-07 14:00:55,2022-06-07 14:00:23,4,0,1,RETAIL,0,0,301,warehouseapp.d365,2022-06-07 14:00:55,Retail Picking,2,2023-02-02 14:08:07.500,1.0,13367925.0,13367893.0,-436.8973330349915
245,WOR2115030,541,RETAIL,6316561019325330,0,2022-04-14 14:30:17,2022-04-14 17:12:26,2022-04-14 17:03:15,4,301,2,D365.Batch,52,0.0,#000000015110DA45,0,4,LO06306727,N000004999,V2,3,LD0126320,0.0,SON0129946,0,4,SID0127463,0,0,Each,rschwarz,F8701B5,SALES,WOR2115030,2022-04-14 14:30:17,2022-04-14 17:12:17,2022-04-14 17:11:25,4,0,1,RETAIL,0,0,301,warehouseapp.d365,2022-04-14 17:12:17,Retail Picking,2,2023-02-02 14:08:07.500,4.0,8713807.0,8713755.0,-55.070758132826825
534,WOR2411925,422,RETAIL,6316561020468670,0,2022-10-05 19:00:34,2022-10-05 19:54:53,2022-10-05 19:47:51,4,301,2,D365.Batch,81,0.0,#00000001514C1ABD,0,1,LO08773615,N000010989,V1,2,LD0149323,0.0,SON0158492,0,1,SID0151109,0,0,Each,rschwarz,X4401A6,SALES,WOR2411925,2022-10-05 19:00:34,2022-10-05 19:51:12,2022-10-05 19:49:51,4,0,1,RETAIL,0,0,301,warehouseapp.d365,2022-10-05 19:51:12,Retail Picking,2,2023-02-02 14:08:07.500,1.0,23756942.0,23756861.0,214.11571477046346
276,WOR2087783,53,RETAIL,6316561019241020,0,2022-03-31 16:30:31,2022-03-31 19:43:19,2022-03-31 19:42:26,4,301,2,D365.Batch,39,0.0,#0000000150F7E7BA,0,1,LO06166664,N000008188,BASE,1,LD0124523,0.0,SON0128509,0,1,SID0125622,0,0,Each,carolyn,F8401A4,SALES,WOR2087783,2022-03-31 16:30:31,2022-03-31 19:43:05,2022-03-31 19:42:26,4,0,1,RETAIL,0,0,301,warehouseapp.d365,2022-03-31 19:43:05,Retail Picking,2,2023-02-02 14:08:07.500,1.0,7513255.0,7513216.0,-3478.269208956076
132,WOR2466311,59,RETAIL,6316561020642630,0,2022-11-07 18:00:38,2022-11-07 19:13:20,2022-11-07 19:12:21,4,301,2,D365.Batch,33,0.0,#000000015149070F,0,1,LO09162983,N000012990,Base,3,LD0152232,0.0,SON0162961,0,1,SID0154175,0,0,Each,Carolyn,PACK1,SALES,WOR2466311,2022-11-07 18:00:38,2022-11-07 19:13:20,2022-11-07 19:12:47,4,0,2,0,0,0,301,warehouseapp.d365,2022-11-07 19:13:20,Retail Picking,2,2023-02-02 14:08:07.500,1.0,26605870.0,26605837.0,-6714.354014188307
545,WOR1955096,464,RETAIL,6316561018662300,0,2022-01-19 14:08:51,2022-01-19 14:24:53,2022-01-19 14:17:08,4,301,2,Ferial.Tor,91,0.0,#0000000150ACC9BA,0,1,LO05003711,N000009154,Base,8,LD0113806,0.0,SON0117020,0,1,SID0114543,0,0,Each,meliha,F8501C1,SALES,WOR1955096,2022-01-19 14:08:52,2022-01-19 14:24:41,2022-01-19 14:23:10,4,0,1,RETAIL,0,0,301,warehouseapp.d365,2022-01-19 14:24:41,Retail Picking,2,2023-02-02 14:08:07.500,1.0,1359751.0,1359660.0,-2984.92333499493
312,WOR2050210,145,RETAIL,6316561019066990,0,2022-03-10 20:31:19,2022-03-11 13:36:13,2022-03-11 13:33:48,4,301,2,D365.Batch,97,0.0,#00000001509F5340,0,1,LO05818581,N000001130,V13,1,LD0121803,0.0,SON0125626,0,1,SID0122747,0,0,Each,carolyn,X4401B5,SALES,WOR2050210,2022-03-10 20:31:20,2022-03-11 13:35:25,2022-03-11 13:33:48,4,0,1,RETAIL,0,0,301,warehouseapp.d365,2022-03-11 13:35:25,Retail Picking,2,2023-02-02 14:08:07.500,1.0,5763195.0,5763098.0,-3821.202098665492
143,WOR2404449,369,RETAIL,6316561020456960,0,2022-10-03 16:30:30,2022-10-04 13:29:04,2022-10-04 13:21:57,4,301,2,D365.Batch,76,0.0,#00000001514C18D4,0,1,LO08742521,N000013234,Base,4,LD0148962,0.0,SON0158147,0,1,SID0150822,0,0,Each,yahaira,X4401A6,SALES,WOR2404449,2022-10-03 16:30:30,2022-10-04 13:26:49,2022-10-04 13:25:33,4,0,1,RETAIL,0,0,301,warehouseapp.d365,2022-10-04 13:26:49,Retail Picking,2,2023-02-02 14:08:07.500,1.0,23647479.0,23647403.0,1076.323764723853
162,WOR2433455,431,RETAIL,6316561020513210,0,2022-10-17 15:00:22,2022-10-17 16:00:58,2022-10-17 15:53:46,4,301,2,D365.Batch,26,0.0,#00000001512576E2,0,1,LO08875206,N000010991,Base,5,LD0150378,0.0,SON0160278,0,1,SID0152247,0,0,Each,rschwarz,F8501D4,SALES,WOR2433455,2022-10-17 15:00:22,2022-10-17 15:59:53,2022-10-17 15:59:27,4,0,1,RETAIL,0,0,301,warehouseapp.d365,2022-10-17 15:59:53,Retail Picking,2,2023-02-02 14:08:07.500,1.0,24779863.0,24779837.0,-1841.0056421633903
78,WOR2480558,218,RETAIL,6316561020685680,0,2022-11-14 21:00:37,2022-11-15 14:39:17,2022-11-15 14:35:15,4,301,2,D365.Batch,67,0.0,#00000001514C1759,0,1,LO09259566,N000010695,V1,3,LD0152726,0.0,SON0163808,0,1,SID0154711,0,0,Each,Carolyn,X4401B8,SALES,WOR2480558,2022-11-14 21:00:37,2022-11-15 14:39:12,2022-11-15 14:38:05,4,0,1,RETAIL,0,0,301,warehouseapp.d365,2022-11-15 14:39:12,Retail Picking,2,2023-02-02 14:08:07.500,1.0,27280622.0,27280555.0,-276.3007800379296
168,WOR2314454,701,RETAIL,6316561020058810,0,2022-08-08 14:00:26,2022-08-09 14:02:47,2022-08-09 13:51:05,4,301,2,D365.Batch,62,0.0,#00000001512576E2,0,1,LO07924748,N000010991,Base,8,LD0140617,0.0,SON0147856,0,1,SID0142486,0,0,Each,meliha,F8501C2,SALES,WOR2314454,2022-08-08 14:00:26,2022-08-09 14:02:37,2022-08-09 14:01:35,4,0,1,RETAIL,0,0,301,warehouseapp.d365,2022-08-09 14:02:37,Retail Picking,2,2023-02-02 14:08:07.500,1.0,18811227.0,18811165.0,-23.722453454794092
190,WOR2401211,272,RETAIL,6316561020451390,0,2022-09-29 16:30:32,2022-10-03 15:05:51,2022-10-03 14:59:17,4,301,2,D365.Batch,59,0.0,#00000001514C18D4,0,1,LO08702831,N000013234,Base,4,LD0148720,0.0,SON0157871,0,1,SID0150497,0,0,Each,phaskell,X4401A6,SALES,WOR2401211,2022-09-29 16:30:33,2022-10-03 15:02:39,2022-10-03 15:01:40,4,0,1,RETAIL,0,0,301,warehouseapp.d365,2022-10-03 15:02:39,Retail Picking,2,2023-02-02 14:08:07.500,1.0,23566829.0,23566770.0,-830.4305246026703
155,WOR2411926,144,RETAIL,6316561020471050,0,2022-10-05 19:00:34,2022-10-06 13:14:21,2022-10-06 13:11:57,4,301,2,D365.Batch,42,0.0,#00000001514C18D4,0,1,LO08773963,N000013234,Base,3,LD0149325,0.0,SON0158494,0,1,SID0151141,0,0,Each,yahaira,X4401A6,SALES,WOR2411926,2022-10-05 19:00:34,2022-10-06 13:13:51,2022-10-06 13:13:09,4,0,1,RETAIL,0,0,301,warehouseapp.d365,2022-10-06 13:13:51,Retail Picking,2,2023-02-02 14:08:07.500,1.0,23819501.0,23819459.0,-319.55267211283046
547,WOR1968219,77,RETAIL,6316561018734990,0,2022-01-26 17:00:18,2022-01-26 19:21:24,2022-01-26 19:20:07,4,301,2,D365.Batch,70,0.0,#0000000150ACC9BA,0,2,LO05140902,N000009154,Base,1,LD0115006,0.0,SON0118297,0,2,SID0115775,0,0,Each,meliha,F8501C1,SALES,WOR1968219,2022-01-26 17:00:18,2022-01-26 19:21:17,2022-01-26 19:20:07,4,0,1,RETAIL,0,0,301,warehouseapp.d365,2022-01-26 19:21:17,Retail Picking,2,2023-02-02 14:08:07.500,2.0,1982347.0,1982277.0,-61.20782526149938
56,WOR2121420,40,RETAIL,6316561019349670,0,2022-04-19 16:00:18,2022-04-20 11:13:08,2022-04-20 11:12:28,4,301,2,D365.Batch,6,0.0,#0000000150E060CF,0,1,LO06402806,N000009388,Base,3,LD0126839,0.0,SON0130832,0,1,SID0127920,0,0,Each,rschwarz,PACK1,SALES,WOR2121420,2022-04-19 16:00:18,2022-04-20 11:13:08,2022-04-20 11:13:02,4,0,2,0,0,0,301,warehouseapp.d365,2022-04-20 11:13:08,Retail Picking,2,2023-02-02 14:08:07.500,1.0,9210658.0,9210652.0,-7085.223177126872
286,WOR1970983,474,RETAIL,6316561018750830,0,2022-01-27 21:30:37,2022-01-28 12:21:58,2022-01-28 12:14:04,4,301,2,D365.Batch,33,0.0,#0000000150F7EA6B,0,3,LO05167207,N000004966,Base,7,LD0115216,0.0,SON0118610,0,3,SID0116124,0,0,Each,meliha,X4401D2,SALES,WOR1970983,2022-01-27 21:30:37,2022-01-28 12:20:29,2022-01-28 12:19:56,4,0,1,RETAIL,0,0,301,warehouseapp.d365,2022-01-28 12:20:29,Retail Picking,2,2023-02-02 14:08:07.500,3.0,2129899.0,2129866.0,-5786.259481222569
499,WOR2412275,509,RETAIL,6316561020487710,0,2022-10-05 20:30:36,2022-10-10 15:29:54,2022-10-10 15:21:24,4,301,2,D365.Batch,41,0.0,#00000001514C1ABD,0,1,LO08775339,N000010989,V1,4,LD0149349,0.0,SON0158509,0,1,SID0151155,0,0,Each,Carolyn,X4401A6,SALES,WOR2412275,2022-10-05 20:30:36,2022-10-10 15:29:16,2022-10-10 15:28:35,4,0,1,RETAIL,0,0,301,warehouseapp.d365,2022-10-10 15:29:16,Retail Picking,2,2023-02-02 14:08:07.500,1.0,24173226.0,24173185.0,-929.4142435993562
408,WOR1973808,409,RETAIL,6316561018771230,0,2022-01-31 21:00:44,2022-02-01 11:57:49,2022-02-01 11:50:35,4,301,2,D365.Batch,37,0.0,#0000000150DEB9D5,0,1,LO05221091,N000000157,V11,2,LD0115794,0.0,SON0119151,0,1,SID0116643,0,0,Each,Carolyn,F8201D1,SALES,WOR1973808,2022-01-31 21:00:44,2022-02-01 11:56:44,2022-02-01 11:56:07,4,0,1,RETAIL,0,0,301,warehouseapp.d365,2022-02-01 11:56:44,Retail Picking,2,2023-02-02 14:08:07.500,1.0,2474074.0,2474037.0,33.1622689681238
358,WOR2427412,625,RETAIL,6316561020500650,0,2022-10-12 19:00:35,2022-10-13 12:17:51,2022-10-13 12:06:10,4,301,2,D365.Batch,29,0.0,#00000001514BE063,0,1,LO08833222,N000012279,Base,7,LD0150084,0.0,SON0159607,0,1,SID0151926,0,0,Each,Carolyn,X4401C3,SALES,WOR2427412,2022-10-12 19:00:35,2022-10-13 12:15:58,2022-10-13 12:15:29,4,0,1,RETAIL,0,0,301,warehouseapp.d365,2022-10-13 12:15:58,Retail Picking,2,2023-02-02 14:08:07.500,1.0,24420828.0,24420799.0,-457.2938834787011
575,WOR2433083,1212,RETAIL,6316561020512010,0,2022-10-17 13:00:32,2022-10-17 15:06:33,2022-10-17 14:46:20,4,301,2,D365.Batch,89,0.0,#00000001514FBDC6,0,1,LO08854245,N000005771,Base,2,LD0150362,0.0,SON0159785,0,1,SID0152180,0,0,Each,rschwarz,X4401D8,SALES,WOR2433083,2022-10-17 13:00:32,2022-10-17 14:49:32,2022-10-17 14:48:03,4,0,1,RETAIL,0,0,301,warehouseapp.d365,2022-10-17 14:49:32,Retail Picking,2,2023-02-02 14:08:07.500,1.0,24775642.0,24775553.0,-102.64558364541875
94,WOR2496772,212,RETAIL,6316561020748040,0,2022-11-25 20:00:27,2022-11-28 16:50:37,2022-11-28 16:47:05,4,301,2,D365.Batch,37,0.0,#000000015149070F,0,1,LO09372366,N000012990,Base,4,LD0153375,0.0,SON0165095,0,1,SID0155594,0,0,Each,meliha,X4401D6,SALES,WOR2496772,2022-11-25 20:00:28,2022-11-28 16:49:51,2022-11-28 16:49:14,4,0,1,RETAIL,0,0,301,warehouseapp.d365,2022-11-28 16:49:51,Retail Picking,2,2023-02-02 14:08:07.500,1.0,28411661.0,28411624.0,-347.00017878864196
65,WOR2493319,67,RETAIL,6316561020723560,0,2022-11-22 21:00:30,2022-11-23 17:22:34,2022-11-23 17:21:27,4,301,2,D365.Batch,18,0.0,#000000015149070F,0,1,LO09332123,N000012990,Base,2,LD0153222,0.0,SON0164665,0,1,SID0155309,0,0,Each,meliha,X4401D6,SALES,WOR2493319,2022-11-22 21:00:30,2022-11-23 17:22:03,2022-11-23 17:21:45,4,0,1,RETAIL,0,0,301,warehouseapp.d365,2022-11-23 17:22:03,Retail Picking,2,2023-02-02 14:08:07.500,1.0,27981593.0,27981575.0,-2355.8345303619703
310,WOR2050210,145,RETAIL,6316561019066990,0,2022-03-10 20:31:19,2022-03-11 13:36:13,2022-03-11 13:33:48,4,301,2,D365.Batch,1,0.0,#00000001509F5340,0,1,LO05818581,N000001130,V13,2,LD0121803,0.0,SON0125626,0,1,SID0122747,0,0,Each,carolyn,0,SALES,WOR2050210,2022-03-10 20:31:19,2022-03-11 13:35:26,2022-03-11 13:35:25,4,0,8,0,0,0,301,warehouseapp.d365,2022-03-11 13:35:26,Retail Picking,2,2023-02-02 14:08:07.500,1.0,5763196.0,5763195.0,-179.3312330788187
53,WOR2412285,196,RETAIL,6316561020486220,0,2022-10-05 20:30:40,2022-10-10 13:51:12,2022-10-10 13:47:56,4,301,2,D365.Batch,80,0.0,#00000001514C1759,0,1,LO08775834,N000010695,V1,3,LD0149358,0.0,SON0158517,0,1,SID0151163,0,0,Each,yahaira,X4401A6,SALES,WOR2412285,2022-10-05 20:30:40,2022-10-10 13:50:20,2022-10-10 13:49:00,4,0,1,RETAIL,0,0,301,warehouseapp.d365,2022-10-10 13:50:20,Retail Picking,2,2023-02-02 14:08:07.500,1.0,24167290.0,24167210.0,288.5211057749894
223,WOR2073184,272,RETAIL,6316561019162720,0,2022-03-22 17:00:41,2022-03-23 14:22:57,2022-03-23 13:35:24,4,301,2,D365.Batch,43,0.0,#000000015110DA45,0,1,LO05984284,N000004999,V2,2,LD0123332,0.0,SON0127256,0,1,SID0124346,0,0,Each,rschwarz,X4401C5,SALES,WOR2073184,2022-03-22 17:00:42,2022-03-23 13:36:50,2022-03-23 13:36:07,4,0,1,RETAIL,0,0,301,warehouseapp.d365,2022-03-23 13:36:50,Retail Picking,2,2023-02-02 14:08:07.500,1.0,6800080.0,6800037.0,-556.4403954261883
578,WOR1940527,116,RETAIL,6316561018615650,0,2022-01-11 18:30:59,2022-01-11 19:24:51,2022-01-11 19:22:55,4,301,2,D365.Batch,104,0.0,#0000000150F7EFFD,0,4,LO04886061,N000010693,Base,1,LD0112757,0.0,SON0115960,0,2,SID0113400,0,0,Case,meliha,F8301D3,SALES,WOR1940527,2022-01-11 18:30:59,2022-01-11 19:24:39,2022-01-11 19:22:55,4,0,1,RETAIL,0,0,301,warehouseapp.d365,2022-01-11 19:24:39,Retail Picking,2,2023-02-02 14:08:07.500,2.0,686549.0,686445.0,-125.49775245540305
402,WOR2401150,154,RETAIL,6316561020455020,0,2022-09-29 16:30:32,2022-10-03 19:42:19,2022-10-03 19:27:48,4,301,2,D365.Batch,31,0.0,#00000001514BDA6C,0,1,LO08703255,N000001144,V8,1,LD0148721,0.0,SON0157888,0,1,SID0150522,0,0,Each,phaskell,X4401A6,SALES,WOR2401150,2022-09-29 16:30:32,2022-10-03 19:42:14,2022-10-03 19:41:43,4,0,1,RETAIL,0,0,301,warehouseapp.d365,2022-10-03 19:42:14,Retail Picking,2,2023-02-02 14:08:07.500,1.0,23583604.0,23583573.0,-1052.8152037328728
119,WOR2412552,152,RETAIL,6316561020483150,0,2022-10-06 14:00:18,2022-10-07 18:10:41,2022-10-07 18:08:09,4,301,2,D365.Batch,37,0.0,#00000001514C18D4,0,1,LO08782352,N000013234,Base,4,LD0149504,0.0,SON0158702,0,1,SID0151362,0,0,Each,rschwarz,X4401A6,SALES,WOR2412552,2022-10-06 14:00:18,2022-10-07 18:10:36,2022-10-07 18:09:59,4,0,1,RETAIL,0,0,301,warehouseapp.d365,2022-10-07 18:10:36,Retail Picking,2,2023-02-02 14:08:07.500,1.0,23923706.0,23923669.0,-209.77698698803545
175,WOR2409324,317,RETAIL,6316561020465900,0,2022-10-04 20:30:39,2022-10-05 16:01:27,2022-10-05 15:56:10,4,301,2,D365.Batch,39,0.0,#00000001514C18D4,0,1,LO08760143,N000013234,Base,4,LD0149153,0.0,SON0158377,0,1,SID0150997,0,0,Each,yahaira,X4401A6,SALES,WOR2409324,2022-10-04 20:30:39,2022-10-05 16:01:20,2022-10-05 16:00:41,4,0,1,RETAIL,0,0,301,warehouseapp.d365,2022-10-05 16:01:20,Retail Picking,2,2023-02-02 14:08:07.500,1.0,23743150.0,23743111.0,-1167.338410258567
72,WOR2409172,289,RETAIL,6316561020462840,0,2022-10-04 19:00:27,2022-10-05 12:57:57,2022-10-05 12:53:08,4,301,2,D365.Batch,75,0.0,#00000001514C1759,0,1,LO08758556,N000010695,V1,3,LD0149100,0.0,SON0158319,0,1,SID0150933,0,0,Each,yahaira,X4401A6,SALES,WOR2409172,2022-10-04 19:00:27,2022-10-05 12:56:55,2022-10-05 12:55:40,4,0,1,RETAIL,0,0,301,warehouseapp.d365,2022-10-05 12:56:55,Retail Picking,2,2023-02-02 14:08:07.500,1.0,23732085.0,23732010.0,-13231.306352378964
551,WOR1931459,4996,RETAIL,6316561018590720,0,2022-01-06 18:01:30,2022-01-07 13:47:34,2022-01-07 12:24:18,4,301,2,D365.Batch,99,0.0,#0000000150ACC9BA,0,1,LO04803845,N000009154,Base,7,LD0112125,0.0,SON0115326,0,1,SID0112843,0,0,Each,Carolyn,F8201C4,SALES,WOR1931459,2022-01-06 18:01:30,2022-01-07 12:37:55,2022-01-07 12:36:16,4,0,1,RETAIL,0,0,301,warehouseapp.d365,2022-01-07 12:37:55,Retail Picking,2,2023-02-02 14:08:07.500,1.0,316545.0,316446.0,1433.2202913976544
123,WOR2412443,507,RETAIL,6316561020486660,0,2022-10-06 05:00:40,2022-10-10 14:15:39,2022-10-10 14:07:12,4,301,2,D365.Batch,149,0.0,#00000001514C18D4,0,1,LO08778945,N000013234,Base,4,LD0149417,0.0,SON0158602,0,1,SID0151241,0,0,Each,Carolyn,X4401A6,SALES,WOR2412443,2022-10-06 05:00:40,2022-10-10 14:15:26,2022-10-10 14:12:57,4,0,1,RETAIL,0,0,301,warehouseapp.d365,2022-10-10 14:15:26,Retail Picking,2,2023-02-02 14:08:07.500,1.0,24168796.0,24168647.0,-195.40031723849359
338,WOR2412416,138,RETAIL,6316561020487650,0,2022-10-06 05:00:33,2022-10-10 15:31:43,2022-10-10 15:29:24,4,301,2,D365.Batch,44,0.0,#00000001514BDA6C,0,1,LO08778828,N000001144,V8,2,LD0149387,0.0,SON0158574,0,1,SID0151214,0,0,Each,yahaira,X4401A6,SALES,WOR2412416,2022-10-06 05:00:33,2022-10-10 15:30:23,2022-10-10 15:29:39,4,0,1,RETAIL,0,0,301,warehouseapp.d365,2022-10-10 15:30:23,Retail Picking,2,2023-02-02 14:08:07.500,1.0,24173293.0,24173249.0,-1793.5278300389332
356,WOR2433632,420,RETAIL,6316561020512770,0,2022-10-17 15:00:21,2022-10-17 15:48:53,2022-10-17 15:41:52,4,301,2,D365.Batch,36,0.0,#00000001514F2B62,0,1,LO08874690,N000010978,Base,7,LD0150369,0.0,SON0160268,0,1,SID0152246,0,0,Each,rschwarz,F8401C1,SALES,WOR2433632,2022-10-17 15:00:22,2022-10-17 15:48:45,2022-10-17 15:48:09,4,0,1,RETAIL,0,0,301,warehouseapp.d365,2022-10-17 15:48:45,Retail Picking,2,2023-02-02 14:08:07.500,1.0,24779195.0,24779159.0,-242.149443885934
503,WOR2409628,372,RETAIL,6316561020467650,0,2022-10-05 03:30:32,2022-10-05 18:31:48,2022-10-05 18:23:22,4,301,2,D365.Batch,180,0.0,#00000001514C1ABD,0,1,LO08762976,N000010989,V1,3,LD0149205,0.0,SON0158406,0,1,SID0151042,0,0,Each,Carolyn,X4401A6,SALES,WOR2409628,2022-10-05 03:30:32,2022-10-05 18:31:37,2022-10-05 18:28:37,4,0,1,RETAIL,0,0,301,warehouseapp.d365,2022-10-05 18:31:37,Retail Picking,2,2023-02-02 14:08:07.500,1.0,23752167.0,23751987.0,-799.7389506490856
235,WOR2496097,792,RETAIL,6316561020749250,0,2022-11-25 16:30:32,2022-11-28 18:04:47,2022-11-28 17:51:34,4,301,2,D365.Batch,59,0.0,#0000000151557730,0,1,LO09363095,N000005643,Base,4,LD0153340,0.0,SON0165034,0,1,SID0155563,0,0,Each,meliha,X4401D1,SALES,WOR2496097,2022-11-25 16:30:32,2022-11-28 17:54:15,2022-11-28 17:53:16,4,0,1,RETAIL,0,0,301,warehouseapp.d365,2022-11-28 17:54:15,Retail Picking,2,2023-02-02 14:08:07.500,1.0,28415525.0,28415466.0,-3018.509582937157
57,WOR2121420,40,RETAIL,6316561019349670,0,2022-04-19 16:00:18,2022-04-20 11:13:08,2022-04-20 11:12:28,4,301,2,D365.Batch,1,0.0,#0000000150E060CF,0,1,LO06402806,N000009388,Base,2,LD0126839,0.0,SON0130832,0,1,SID0127920,0,0,Each,rschwarz,0,SALES,WOR2121420,2022-04-19 16:00:18,2022-04-20 11:13:02,2022-04-20 11:13:01,4,0,8,0,0,0,301,warehouseapp.d365,2022-04-20 11:13:02,Retail Picking,2,2023-02-02 14:08:07.500,1.0,9210652.0,9210651.0,-1368.4093280746822
